id,category,title,year,evidence_grade,relevance,url,key_caveat
1,review,The Next Chapter of Big Data in Finance,2025,A,high,https://academic.oup.com/rfs/article/38/3/605/7919291,综述不证明具体策略盈利
2,review,Financial Machine Learning,2023,A,high,https://www.nber.org/papers/w31502,方法综述
3,validation,A Backtesting Protocol in the Era of Machine Learning,2018,A,high,https://papers.ssrn.com/sol3/papers.cfm?abstract_id=3275654,工作论文版本
4,validation,All that Glitters Is Not Gold,2016,A,high,https://papers.ssrn.com/sol3/papers.cfm?abstract_id=2745220,Quantopian用户样本不能代表机构
5,asset_pricing,Empirical Asset Pricing via Machine Learning,2020,A,high,https://doi.org/10.1093/rfs/hhaa009,大股票面板不能直接外推到单标
6,representation,Autoencoder Asset Pricing Models,2021,A,high,https://doi.org/10.1016/j.jeconom.2020.07.009,条件因子与无套利AE并非通用VAE
7,asset_pricing,Deep Learning in Asset Pricing,2023,A,high,https://arxiv.org/abs/1904.00745,股票面板且嵌入经济目标
8,bonds,Bond Risk Premia with Machine Learning,2021,A,medium,https://doi.org/10.1093/rfs/hhaa062,债券而非期货
9,representation,VAE Asset Pricing Models with Economic Restrictions,2026,A,high,https://doi.org/10.1016/j.iref.2026.105402,新论文尚少外部复现
10,representation,Autoencoder Asset Pricing International Evidence,2025,A,high,https://www.sciencedirect.com/science/article/pii/S105752192500729X,加入流动性和成本后收益显著下降
11,futures,Time Series Momentum,2012,A,high,https://doi.org/10.1016/j.jfineco.2011.11.003,低频简单基线
12,futures,Enhancing Time Series Momentum Strategies Using Deep Neural Networks,2019,A,high,https://arxiv.org/abs/1904.04912,依赖88个期货和组合目标
13,futures,Machine Learning Commodity Futures,2024,A,high,https://doi.org/10.1002/fut.22471,逐品种复杂模型并非都胜出
14,futures,Commodity Futures Time-Series Versus Cross-Sectional Models,2025,A,high,https://doi.org/10.1016/j.jcomm.2025.100475,支持跨品种池化
15,similar_method,Depth Feature Extraction ALSTM LightGBM,2022,A,very_high,https://doi.org/10.1016/j.dsp.2022.103567,只测三个品种价格预测且缺投产证据
16,similar_method,Supervised Autoencoder MLP for Financial Time Series Forecasting,2025,A,high,https://doi.org/10.1186/s40537-025-01267-7,三个资产且未完整处理滑点
17,microstructure,DeepLOB,2019,A,medium,https://arxiv.org/abs/1808.03668,数据条件与单标事件bar不同
18,microstructure,Universal Features of Price Formation,2019,A,medium,https://doi.org/10.1080/14697688.2019.1622295,依赖数十亿记录和跨股票共享
19,alpha_factory,101 Formulaic Alphas,2016,B,high,https://arxiv.org/abs/1601.00991,生产使用由作者自述
20,multiple_testing,and the Cross-Section of Expected Returns,2016,A,high,https://doi.org/10.1093/rfs/hhv059,股票因子语境
21,replication,Replicating Anomalies,2020,A,high,https://doi.org/10.1093/rfs/hhy131,股票异象语境
22,decay,Does Academic Research Destroy Stock Return Predictability,2016,A,medium,https://doi.org/10.1111/jofi.12365,股票异象语境
23,cost,Machine Learning and the Implementable Efficient Frontier,2026,A,high,https://academic.oup.com/rfs/advance-article/doi/10.1093/rfs/hhag022/8524346,组合选择而非单标预测
24,validation,Feature Selection and Cross Validation,2012,C,very_high,https://stats.stackexchange.com/questions/27750/feature-selection-and-cross-validation/27751,社区回答但论证可复现
25,industry,CFA AI Pioneers in Investment Management,2019,B,very_high,https://www.cfainstitute.org/-/media/documents/survey/AI-Pioneers-in-Investment-Management.pdf,案例与机构自述
26,industry,Man AHL The Rise of Machine Learning,2019,B,high,https://www.man.com/insights/the-rise-of-machine-learning,机构第一方披露
27,industry,Two Sigma Investment Management,2026,B,very_high,https://www.twosigma.com/businesses/investment-management/,机构第一方披露
28,industry,BlackRock Augmented Investment Management,2026,B,high,https://www.blackrock.com/institutions/en-us/insights/thought-leadership/investment-actions/augmented-investment-management,机构第一方披露
29,industry,Jane Street Overview,2026,B,medium,https://www.janestreet.com/what-we-do/overview/,公开概览无绩效
30,opensource,Microsoft Qlib,2026,B,high,https://github.com/microsoft/qlib,研究平台不等于盈利证明
31,regulation,FCA Algorithmic Trading Controls,2025,A,high,https://www.fca.org.uk/publications/multi-firm-reviews/algorithmic-trading-controls-high-level-observations,控制框架不评价alpha
32,regulation,中国期货市场程序化交易管理规定试行,2025,A,high,https://www.csrc.gov.cn/csrc/c101954/c7564346/content.shtml,仍需核对交易所与期货公司细则
33,forum,Reddit Where does ML fit,2026,D,very_high,https://www.reddit.com/r/algotrading/comments/1siny35/where_does_ml_fit_in_algorithmic_trading/,匿名且盈亏不可核验
34,forum,Elite Trader Searching for micro alpha,2016,D,high,https://www.elitetrader.com/et/threads/searching-for-micro-alpha.298087/,匿名历史讨论
35,forum,Quant SE Formulate Trading Ideas,2023,C,medium,https://quant.stackexchange.com/questions/54587/how-do-you-formulate-trading-ideas-and-strategies,意见型证据
36,practitioner,Robot Wealth Adventures in Feature Selection,2020,C,high,https://robotwealth.com/machine-learning-financial-prediction-david-aronson/,实践文章且作者承认局限
