underlying_code,contract_code,daily_bar_at,trading_date,open,high,low,close,volume,money,open_interest
RB,RB2505.XSGE,2025-02-10,2025-02-10,3355.0,3374.0,3312.0,3331.0,1851664.0,61846794360.0,1856963.0
RB,RB2505.XSGE,2025-02-11,2025-02-11,3339.0,3339.0,3269.0,3275.0,1803197.0,59555122470.0,1947395.0
RB,RB2505.XSGE,2025-02-12,2025-02-12,3275.0,3297.0,3261.0,3292.0,1274350.0,41808929850.0,1895628.0
RB,RB2505.XSGE,2025-02-13,2025-02-13,3292.0,3299.0,3255.0,3265.0,1297857.0,42540018330.0,1889839.0
RB,RB2505.XSGE,2025-02-14,2025-02-14,3260.0,3288.0,3252.0,3262.0,1124905.0,36770898810.0,1885541.0
CU,CU2503.XSGE,2025-02-10,2025-02-10,77360.0,77950.0,76950.0,77370.0,105264.0,40741720750.0,183382.0
CU,CU2503.XSGE,2025-02-11,2025-02-11,77410.0,77650.0,76920.0,77150.0,68267.0,26381618400.0,180966.0
CU,CU2503.XSGE,2025-02-12,2025-02-12,76750.0,77060.0,76530.0,77000.0,68535.0,26316797550.0,181212.0
CU,CU2503.XSGE,2025-02-13,2025-02-13,77100.0,77730.0,76930.0,77560.0,74628.0,28882091950.0,182747.0
CU,CU2503.XSGE,2025-02-14,2025-02-14,77500.0,78330.0,77120.0,78090.0,84565.0,32901505100.0,183412.0
AU,AU2504.XSGE,2025-02-10,2025-02-10,670.5,679.5,668.2,679.08,371683.0,250389637300.0,201630.0
AU,AU2504.XSGE,2025-02-11,2025-02-11,682.22,691.76,679.84,685.74,411552.0,281744987320.0,193613.0
AU,AU2504.XSGE,2025-02-12,2025-02-12,680.0,685.12,677.0,681.22,354674.0,241686887600.0,184048.0
AU,AU2504.XSGE,2025-02-13,2025-02-13,679.72,686.48,675.12,684.56,359775.0,245252985220.0,186368.0
AU,AU2504.XSGE,2025-02-14,2025-02-14,685.72,688.66,683.86,688.4,254382.0,174565333960.0,190906.0
