underlying_code,contract_code,trading_date,previous_trading_date,daily_open,daily_high,daily_low,daily_close,daily_volume,cycle_first_bar_at,cycle_first_session,cycle_last_bar_at,cycle_last_session,night_first_bar_at,night_last_bar_at,night_open,night_close,day_first_bar_at,day_last_bar_at,day_open,day_close,cycle_open,cycle_high,cycle_low,cycle_close,cycle_volume,day_only_high,day_only_low,day_only_volume,daily_open_matches_night_open,daily_open_matches_day_open,daily_close_matches_night_close,daily_close_matches_day_close,cycle_ohlcv_matches_daily,day_only_ohlcv_matches_daily,cycle_minute_count,night_minute_count,day_minute_count
AU,AU2504.XSGE,2025-02-10,2025-02-07,670.5,679.5,668.2,679.08,371683.0,2025-02-07 21:01:00,night_2025-02-07,2025-02-10 15:00:00,day_2025-02-10,2025-02-07 21:01:00,2025-02-08 02:30:00,670.5,672.92,2025-02-10 09:01:00,2025-02-10 15:00:00,673.98,679.08,670.5,679.5,668.2,679.08,371683.0,679.5,673.86,113692.0,True,False,False,True,True,False,555,330,225
AU,AU2504.XSGE,2025-02-11,2025-02-10,682.22,691.76,679.84,685.74,411552.0,2025-02-10 21:01:00,night_2025-02-10,2025-02-11 15:00:00,day_2025-02-11,2025-02-10 21:01:00,2025-02-11 02:30:00,682.22,682.74,2025-02-11 09:01:00,2025-02-11 15:00:00,685.12,685.74,682.22,691.76,679.84,685.74,411552.0,691.76,679.84,254219.0,True,False,False,True,True,False,555,330,225
AU,AU2504.XSGE,2025-02-12,2025-02-11,680.0,685.12,677.0,681.22,354674.0,2025-02-11 21:01:00,night_2025-02-11,2025-02-12 15:00:00,day_2025-02-12,2025-02-11 21:01:00,2025-02-12 02:30:00,680.0,684.66,2025-02-12 09:01:00,2025-02-12 15:00:00,682.5,681.22,680.0,685.12,677.0,681.22,354674.0,683.04,678.96,127738.0,True,False,False,True,True,False,555,330,225
AU,AU2504.XSGE,2025-02-13,2025-02-12,679.72,686.48,675.12,684.56,359775.0,2025-02-12 21:01:00,night_2025-02-12,2025-02-13 15:00:00,day_2025-02-13,2025-02-12 21:01:00,2025-02-13 02:30:00,679.72,683.18,2025-02-13 09:01:00,2025-02-13 15:00:00,684.28,684.56,679.72,686.48,675.12,684.56,359775.0,686.48,683.38,114963.0,True,False,False,True,True,False,555,330,225
AU,AU2504.XSGE,2025-02-14,2025-02-13,685.72,688.66,683.86,688.4,254382.0,2025-02-13 21:01:00,night_2025-02-13,2025-02-14 15:00:00,day_2025-02-14,2025-02-13 21:01:00,2025-02-14 02:30:00,685.72,685.3,2025-02-14 09:01:00,2025-02-14 15:00:00,686.62,688.4,685.72,688.66,683.86,688.4,254382.0,688.66,686.62,88658.0,True,False,False,True,True,False,555,330,225
CU,CU2503.XSGE,2025-02-10,2025-02-07,77360.0,77950.0,76950.0,77370.0,105264.0,2025-02-07 21:01:00,night_2025-02-07,2025-02-10 15:00:00,day_2025-02-10,2025-02-07 21:01:00,2025-02-08 01:00:00,77360.0,77410.0,2025-02-10 09:01:00,2025-02-10 15:00:00,77690.0,77370.0,77360.0,77950.0,76950.0,77370.0,105264.0,77760.0,76950.0,58563.0,True,False,False,True,True,False,465,240,225
CU,CU2503.XSGE,2025-02-11,2025-02-10,77410.0,77650.0,76920.0,77150.0,68267.0,2025-02-10 21:01:00,night_2025-02-10,2025-02-11 15:00:00,day_2025-02-11,2025-02-10 21:01:00,2025-02-11 01:00:00,77410.0,77570.0,2025-02-11 09:01:00,2025-02-11 15:00:00,77500.0,77150.0,77410.0,77650.0,76920.0,77150.0,68267.0,77560.0,76920.0,46141.0,True,False,False,True,True,False,465,240,225
CU,CU2503.XSGE,2025-02-12,2025-02-11,76750.0,77060.0,76530.0,77000.0,68535.0,2025-02-11 21:01:00,night_2025-02-11,2025-02-12 15:00:00,day_2025-02-12,2025-02-11 21:01:00,2025-02-12 01:00:00,76750.0,76780.0,2025-02-12 09:01:00,2025-02-12 15:00:00,76760.0,77000.0,76750.0,77060.0,76530.0,77000.0,68535.0,77060.0,76680.0,38172.0,True,False,False,True,True,False,465,240,225
CU,CU2503.XSGE,2025-02-13,2025-02-12,77100.0,77730.0,76930.0,77560.0,74628.0,2025-02-12 21:01:00,night_2025-02-12,2025-02-13 15:00:00,day_2025-02-13,2025-02-12 21:01:00,2025-02-13 01:00:00,77100.0,77610.0,2025-02-13 09:01:00,2025-02-13 15:00:00,77580.0,77560.0,77100.0,77730.0,76930.0,77560.0,74628.0,77730.0,77280.0,51054.0,True,False,False,True,True,False,465,240,225
CU,CU2503.XSGE,2025-02-14,2025-02-13,77500.0,78330.0,77120.0,78090.0,84565.0,2025-02-13 21:01:00,night_2025-02-13,2025-02-14 15:00:00,day_2025-02-14,2025-02-13 21:01:00,2025-02-14 01:00:00,77500.0,77450.0,2025-02-14 09:01:00,2025-02-14 15:00:00,77510.0,78090.0,77500.0,78330.0,77120.0,78090.0,84565.0,78330.0,77500.0,60333.0,True,False,False,True,True,False,465,240,225
RB,RB2505.XSGE,2025-02-10,2025-02-07,3355.0,3374.0,3312.0,3331.0,1851664.0,2025-02-07 21:01:00,night_2025-02-07,2025-02-10 15:00:00,day_2025-02-10,2025-02-07 21:01:00,2025-02-07 23:00:00,3355.0,3366.0,2025-02-10 09:01:00,2025-02-10 15:00:00,3363.0,3331.0,3355.0,3374.0,3312.0,3331.0,1851664.0,3370.0,3312.0,1502763.0,True,False,False,True,True,False,345,120,225
RB,RB2505.XSGE,2025-02-11,2025-02-10,3339.0,3339.0,3269.0,3275.0,1803197.0,2025-02-10 21:01:00,night_2025-02-10,2025-02-11 15:00:00,day_2025-02-11,2025-02-10 21:01:00,2025-02-10 23:00:00,3339.0,3326.0,2025-02-11 09:01:00,2025-02-11 15:00:00,3324.0,3275.0,3339.0,3339.0,3269.0,3275.0,1803197.0,3329.0,3269.0,1446482.0,True,False,False,True,True,False,345,120,225
RB,RB2505.XSGE,2025-02-12,2025-02-11,3275.0,3297.0,3261.0,3292.0,1274350.0,2025-02-11 21:01:00,night_2025-02-11,2025-02-12 15:00:00,day_2025-02-12,2025-02-11 21:01:00,2025-02-11 23:00:00,3275.0,3276.0,2025-02-12 09:01:00,2025-02-12 15:00:00,3277.0,3292.0,3275.0,3297.0,3261.0,3292.0,1274350.0,3297.0,3261.0,934517.0,True,False,False,True,True,False,345,120,225
RB,RB2505.XSGE,2025-02-13,2025-02-12,3292.0,3299.0,3255.0,3265.0,1297857.0,2025-02-12 21:01:00,night_2025-02-12,2025-02-13 15:00:00,day_2025-02-13,2025-02-12 21:01:00,2025-02-12 23:00:00,3292.0,3286.0,2025-02-13 09:01:00,2025-02-13 15:00:00,3289.0,3265.0,3292.0,3299.0,3255.0,3265.0,1297857.0,3295.0,3255.0,1013654.0,True,False,False,True,True,False,345,120,225
RB,RB2505.XSGE,2025-02-14,2025-02-13,3260.0,3288.0,3252.0,3262.0,1124905.0,2025-02-13 21:01:00,night_2025-02-13,2025-02-14 15:00:00,day_2025-02-14,2025-02-13 21:01:00,2025-02-13 23:00:00,3260.0,3258.0,2025-02-14 09:01:00,2025-02-14 15:00:00,3260.0,3262.0,3260.0,3288.0,3252.0,3262.0,1124905.0,3288.0,3255.0,824674.0,True,True,False,True,True,False,345,120,225
