underlying_code,contract_code,session_type,session_anchor_date,session_id,first_bar_at,last_bar_at,first_bar_open,last_bar_close,session_high,session_low,session_volume,minute_count
AU,AU2504.XSGE,day,2025-02-10,day_2025-02-10,2025-02-10 09:01:00,2025-02-10 15:00:00,673.98,679.08,679.5,673.86,113692.0,225
AU,AU2504.XSGE,day,2025-02-11,day_2025-02-11,2025-02-11 09:01:00,2025-02-11 15:00:00,685.12,685.74,691.76,679.84,254219.0,225
AU,AU2504.XSGE,day,2025-02-12,day_2025-02-12,2025-02-12 09:01:00,2025-02-12 15:00:00,682.5,681.22,683.04,678.96,127738.0,225
AU,AU2504.XSGE,day,2025-02-13,day_2025-02-13,2025-02-13 09:01:00,2025-02-13 15:00:00,684.28,684.56,686.48,683.38,114963.0,225
AU,AU2504.XSGE,day,2025-02-14,day_2025-02-14,2025-02-14 09:01:00,2025-02-14 15:00:00,686.62,688.4,688.66,686.62,88658.0,225
AU,AU2504.XSGE,night,2025-02-07,night_2025-02-07,2025-02-07 21:01:00,2025-02-08 02:30:00,670.5,672.92,676.58,668.2,257991.0,330
AU,AU2504.XSGE,night,2025-02-10,night_2025-02-10,2025-02-10 21:01:00,2025-02-11 02:30:00,682.22,682.74,683.7,679.84,157333.0,330
AU,AU2504.XSGE,night,2025-02-11,night_2025-02-11,2025-02-11 21:01:00,2025-02-12 02:30:00,680.0,684.66,685.12,677.0,226936.0,330
AU,AU2504.XSGE,night,2025-02-12,night_2025-02-12,2025-02-12 21:01:00,2025-02-13 02:30:00,679.72,683.18,684.58,675.12,244812.0,330
AU,AU2504.XSGE,night,2025-02-13,night_2025-02-13,2025-02-13 21:01:00,2025-02-14 02:30:00,685.72,685.3,686.5,683.86,165724.0,330
CU,CU2503.XSGE,day,2025-02-10,day_2025-02-10,2025-02-10 09:01:00,2025-02-10 15:00:00,77690.0,77370.0,77760.0,76950.0,58563.0,225
CU,CU2503.XSGE,day,2025-02-11,day_2025-02-11,2025-02-11 09:01:00,2025-02-11 15:00:00,77500.0,77150.0,77560.0,76920.0,46141.0,225
CU,CU2503.XSGE,day,2025-02-12,day_2025-02-12,2025-02-12 09:01:00,2025-02-12 15:00:00,76760.0,77000.0,77060.0,76680.0,38172.0,225
CU,CU2503.XSGE,day,2025-02-13,day_2025-02-13,2025-02-13 09:01:00,2025-02-13 15:00:00,77580.0,77560.0,77730.0,77280.0,51054.0,225
CU,CU2503.XSGE,day,2025-02-14,day_2025-02-14,2025-02-14 09:01:00,2025-02-14 15:00:00,77510.0,78090.0,78330.0,77500.0,60333.0,225
CU,CU2503.XSGE,night,2025-02-07,night_2025-02-07,2025-02-07 21:01:00,2025-02-08 01:00:00,77360.0,77410.0,77950.0,77220.0,46701.0,240
CU,CU2503.XSGE,night,2025-02-10,night_2025-02-10,2025-02-10 21:01:00,2025-02-11 01:00:00,77410.0,77570.0,77650.0,77330.0,22126.0,240
CU,CU2503.XSGE,night,2025-02-11,night_2025-02-11,2025-02-11 21:01:00,2025-02-12 01:00:00,76750.0,76780.0,76860.0,76530.0,30363.0,240
CU,CU2503.XSGE,night,2025-02-12,night_2025-02-12,2025-02-12 21:01:00,2025-02-13 01:00:00,77100.0,77610.0,77610.0,76930.0,23574.0,240
CU,CU2503.XSGE,night,2025-02-13,night_2025-02-13,2025-02-13 21:01:00,2025-02-14 01:00:00,77500.0,77450.0,77590.0,77120.0,24232.0,240
RB,RB2505.XSGE,day,2025-02-10,day_2025-02-10,2025-02-10 09:01:00,2025-02-10 15:00:00,3363.0,3331.0,3370.0,3312.0,1502763.0,225
RB,RB2505.XSGE,day,2025-02-11,day_2025-02-11,2025-02-11 09:01:00,2025-02-11 15:00:00,3324.0,3275.0,3329.0,3269.0,1446482.0,225
RB,RB2505.XSGE,day,2025-02-12,day_2025-02-12,2025-02-12 09:01:00,2025-02-12 15:00:00,3277.0,3292.0,3297.0,3261.0,934517.0,225
RB,RB2505.XSGE,day,2025-02-13,day_2025-02-13,2025-02-13 09:01:00,2025-02-13 15:00:00,3289.0,3265.0,3295.0,3255.0,1013654.0,225
RB,RB2505.XSGE,day,2025-02-14,day_2025-02-14,2025-02-14 09:01:00,2025-02-14 15:00:00,3260.0,3262.0,3288.0,3255.0,824674.0,225
RB,RB2505.XSGE,night,2025-02-07,night_2025-02-07,2025-02-07 21:01:00,2025-02-07 23:00:00,3355.0,3366.0,3374.0,3351.0,348901.0,120
RB,RB2505.XSGE,night,2025-02-10,night_2025-02-10,2025-02-10 21:01:00,2025-02-10 23:00:00,3339.0,3326.0,3339.0,3322.0,356715.0,120
RB,RB2505.XSGE,night,2025-02-11,night_2025-02-11,2025-02-11 21:01:00,2025-02-11 23:00:00,3275.0,3276.0,3279.0,3266.0,339833.0,120
RB,RB2505.XSGE,night,2025-02-12,night_2025-02-12,2025-02-12 21:01:00,2025-02-12 23:00:00,3292.0,3286.0,3299.0,3283.0,284203.0,120
RB,RB2505.XSGE,night,2025-02-13,night_2025-02-13,2025-02-13 21:01:00,2025-02-13 23:00:00,3260.0,3258.0,3268.0,3252.0,300231.0,120
